SettlementPoint,year,HourlyVolatility
HB_WEST,2016,0.20884898330524096
LZ_WEST,2017,0.23211355943795317
LZ_WEST,2018,0.24731292513349695
LZ_WEST,2019,0.27998696429652964
